"bank","source","comments","date","topic","sentiment"
"BCR","Facebook","Habr√° sistema en otras dependencias porque centro comercial del Sur est√° ca√≠do","2023-06-06","sistema","0"
"BCR","Facebook","Hola buenos d√≠as, hace varios d√≠as que llegan correos falso tratando de estafarme para que se pongan pilas","2023-06-03","estafa","0"
"BCR","Facebook","Banco de Costa Rica muchas gracias por la atenci√≥n y por atender el caso tan r√°pidamente","2023-06-03","agradecimiento","1"
"BCR","Facebook","Incre√≠ble la negligencia, en febrero mi abuela hizo una compra en un comercio en el cual le indicaron que se deb√≠a hacer el contracargo con el BCR, ya que, se cobr√≥ doble, se llam√≥ al BCR y EN TEOR√çA hicieron el tr√°mite, hace una semana al no recibir respuesta fue ella a la oficina del BCR y DE NUEVO le dijeron que iban a hacer el contracargo y hoy al ir de nuevo le dijeron que NO HAY TRAMITE INGRESADO!!! Juegan con la pensi√≥n de los adultos mayores y nadie responde por un tramite que se ha hecho 3 veces. Cabe destacar que la denuncia se encuentra ya en la Defensor√≠a del Consumidor pero el servicio y eficiencia son inexistentes üò° ","2023-06-02","negligencia","0"
"BCR","Facebook","Esa tarjeta carey no la ofrecen en los bancos hoy remplaze la m√≠a y pague lo q cobran me hubiera gustado tener esa pero no las ofrecen solo las normales de siempre","2023-06-01","tarjeta","0"
"BCR","Facebook","Estoy de acuerdo en su venta, el BCR HA DEMOSTRADO HOY Y MA√ëANA TAMBI√âN , que nos son competitivos, ustedes son el ejemplo perfecto para un estudiante de lo que no deber√≠a ser un servicio al cliente. 14 minutos esperando por una respuesta a una consulta tan sencilla ","2023-06-02","servicio al cliente","0"
"BCR","Facebook","Banco de Costa Rica hoy me la entregaron (tarjeta carey) esta bell√≠sima üòç","2023-06-02","tarjeta","1"
"BCR","Facebook","Esta ca√≠do el sinpe???Banco de Costa Rica bueno ya lo arreglaron porque el app daba error con el sinpe","2023-03-06","sinpe","0"
"BCR","Facebook","En el bcr cambian un cheque que sea del. Banco nacional?","2023-03-06","cheque","0"
"BCR","Facebook","Yo quiero una tajeta carey","2023-03-06","tarjeta","0"
"BCR","Twitter","El √∫nico banco qu√© mantiene los protocolos Covid, fila afuera de las instalaciones, super lento.. ACTUALICEN NI LOS HOSPITALES...","2023-06-05","protocolos Covid","0"
"BCR","Twitter","A mi con el @BancoBCR van dos veces que me clonan la tarjeta virtual para tratar de hacer compras por Amazon las he tenido que borrar por dicha son solo para eso y nunca tienen fondos, pero es algo extra√±o. ","2023-06-04","clonaci√≥n","0"
"BCR","Twitter","C√≥mo cuando a uno lo intentan estafar pero el estafador no sabe que no tengo ninguna cuenta con el @BancoBCR ü•¥","2023-06-03","estafa","0"
"BCR","Twitter","Antier quisieron estafar a un compa√±ero por llamada de WhatsApp disque del @BancoPopularCR Ahora me acaba de llegar este correo. Lo vacil√≥n es que ni tengo cuentas en el BCR ü§°","2023-06-03","estafa","0"
"BCR","Twitter","Chiquillos, hay que empuncharse para las estafas‚Ä¶ ni el logo pegaron‚Ä¶ Ojo Cc @BancoBCR","2023-06-02","estafa","0"
"BCR","Twitter","@BancoBCR la tasa b√°sica baja pero el pr√©stamo de la casa sube, necesito conocer el corte que toman en consideraci√≥n para efectuar los cobros, porque en lugar de bajar subi√≥","2023-06-01","pr√©stamo","0"
"BCR","Twitter","Totalmente de acuerdo con esta inquietud. La TBP baja y las cuotas se mantienen altas‚Ä¶ il√≥gico. Ser√° que el @BancoBCR tambi√©n podr√≠a explic√°rmelo!?","2023-06-01","TBP","0"
"BCR","Twitter","Excelente pregunta. Mes a mes llevo el condicionante hist√≥rico y los flujos de movimiento y mi pr√©stamo de vivienda sigue al alza con el BCR. Entonces?","2023-05-31","pr√©stamo","0"
"BCR","Twitter","por que ser√° entonces que en el @BancoBCR los prestamos siguen subiendo, si la TBP ha venido bajando en el ultimo mes? ü§¶üèª‚Äç‚ôÇÔ∏è","2023-05-31","pr√©stamo","0"
"BCR","Twitter","@BancoBCR Exc servicio ü•∞","2023-05-31","servicio","1"
"BCR","Twitter","@BancoBCR su sistema est√° fallando. Tanto para revisar transacciones en la app, como los dat√°fonos. En este mes llevan al menos tres ca√≠das de sistemas y unas cuantas filtraciones de bases de datos. üö©üö©üö©","2023-05-30","fallas en sistema","0"
"Nacional","Facebook","BNCR : En sucursal de Santo Domingo, se debe prestar mucha atenci√≥n en PLATAFORMA. Es incre√≠ble el tiempo de espera, llegu√© a las 8:45 AM y tome la ficha 05 (hoy martes 06 de junio) y son las 9:30 am solo 2 cajeros atendiendo, y van por la ficha 96. Y no ponen junto al n√∫mero en pantalla el tiempo para mi turno. Ejemplo 1 hora 40 minutos as√≠ sabr√© si me espero casi 2 horas para ser atendido o vengo otro d√≠a. MI TIEMPO ES IMPORTANTE, COMO EL DE USTEDES.!!!","2023-06-06","atenci√≥n en sucursal","0"
"Nacional","Facebook","Yo lo pago todo por Simpe Movil","2023-06-06","Sinpe M√≥vil","0"
"Nacional","Facebook","Yo tengo varios a√±os de pagar la Municipalidad de SJ en el Banco Nacional, es muy sencillo y nunca he tenido problemas. Tambien la Municipalidad tiene su pagina, muy intuitiva, donde se pueden realizar varios tramites. Para pagos mejor el Nacional y para tramites la pagina de la Muni. Muy buenas ambas","2023-06-06","pagos","1"
"Nacional","Facebook","Ya les ingresaron las tarjetas ecol√≥gica agua que se hab√≠an agotado?","2023-06-05","tarjeta ecol√≥gica","0"
"Nacional","Facebook","Lo disfruto m√°s pagando con Apple Pay y mis tarjetas del BAC porque es mucho m√°s seguro no hay riesgo de que me clonen mi tarjeta. Los que pierden son ustedes BN porque la gente deja de usar sus tarjetas. Poco a poco he ido migrando mis operaciones a otros bancos.","2023-06-06","seguridad","1"
"Nacional","Facebook","#diadelplaneta tierra que debemos cuidar mucho Banco Nacional","2023-06-05","cuidado del planeta","1"
"Nacional","Facebook","La atenci√≥n del banco nacional es de las cosas m√°s horrendas de este pa√≠s! Llega uno y hay 30-40 fichas adelante, los funcionarios son s√∫per lentos, los oficiales de seguridad meten delante a los amigos as√≠ este la fila para entrar al banco de 15-20 personas como me paso a mi, la duraci√≥n para cualquier tr√°mite es infinita!! El trabajo que tiene que hacer este se√±or es un milagro, no puede ser que el cliente tenga que esperar 2-3 y hasta m√°s horas para un tr√°mite‚Ä¶ sencillo","2023-06-05","atenci√≥n al cliente","0"
"Nacional","Facebook","Porquer√≠a de banco en lugar de mejorar empeoran. Ya no existe la ventanilla informaci√≥n en los bancos y hay q comerse toda la fila para tramites sencillos. Como son tan agiles y rapidos","2023-06-01","atenci√≥n al cliente","0"
"Nacional","Facebook","Buenos d√≠as ser√° que la aplicaci√≥n esta ca√≠da desde ayer en la noche no me deja hacer sinpe","2023-06-02","fallas en sistema","0"
"Nacional","Facebook","Mentira, no tienen disponible esa tarjeta Agua, ayer le solicit√© en la agencia de Atenas y me dijeron que la sacaron de circulaci√≥n, me ofrecieron otra","2023-06-03","tarjeta Agua","0"
"Nacional","Twitter","Sobre tarjeta agua: Patra√±a como siempre. ¬øcu√°nto % de esa contribuci√≥n va para gastos administrativos de la administradora del convenio y cu√°nto para ""proteger""? Es un saludo a la bandera. Un tema para hacer consciencia que busca distribuir ganancias entre partidarios.","2023-06-06","promoci√≥n","0"
"Nacional","Twitter","@banconacionalcr en serio el peor üè¶, hablan de ayudar el üåé, todos ecol√≥gicos y el token no funciona y usted no puede hacer nada desde la casa, hay que desplazarse a una sucursal, a d√≥nde queda el ayudar al üåç re√≠r para no llorar","2023-06-05","fallas en sistema","0"
"Nacional","Twitter","Qu√© loco que en serio el @banconacionalcr nunca me dio respuesta de absolutamente nada del reclamo porque usaran mi tarjeta. Incre√≠ble.","2023-06-04","clonaci√≥n","0"
"Nacional","Twitter","Me llama una amiga llorando desconsolada. Le hackearon la cuenta d√≥nde ten√≠a las ganancias acumuladas de 2 a√±os de su negocio. Con eso iba comprarse un carro y meterle plata al emprendimiento. Le sacaron todo. Me cago en el Banco Nacional. Siempre hay gato casero en ese rater√≠o.","2023-06-04","hackeo","0"
"Nacional","Twitter","En 3 ocasiones m hicieron avances d efectivo (de la TC a la de d√©bito). Tengo ahora s√≥lo TD p evitarlo. Sin embargo, una vez +  hoy comprob√© q no escuchan solicitud d eliminaci√≥n total y definitiva d TC, s√≥lo la bloquean, en cualquier momento la activan y el fraude se realiza","2023-06-05","eliminaci√≥n de tarjeta","0"
"Nacional","Twitter","@banconacionalcr consulta que sucede con la app de BN tokenn celular? no funciona","2023-06-04","fallas en sistema","0"
"Nacional","Twitter","Eso NO resuelve el problema de seguridad que tienen. Si fueran seguros, no necesitar√≠a poner nada de eso. Por lo dem√°s, no estoy especulando. Algunos recuperan algo, di no s√©, seguro. A mi mam√° le vaciaron la cuenta hace 3 a√±os y perdi√≥ el dinero","2023-06-04","seguridad","0"
"Nacional","Twitter","Lo he tuiteado un mont√≥n de veces‚Ä¶ Hay 2 cosas que NO entiendo, no me caben en la cabeza: ¬øC√≥mo alguien puede tener el VALOR de tener 1 Col√≥n en el @banconacionalcr? ¬øC√≥mo puede ser que eso pase todos los d√≠as, en ese banco y no se resuelva de una vez por todas?","2023-06-04","problemas con 1 Col√≥n","0"
"Nacional","Twitter","Ya son 18 meses de que me sacaron casi 2millones de la cuenta, y desde entonces, cada 3 meses sin falta me llega el correo diciendo que el caso sigue en revisi√≥n en el Dpto. de Seguridad Inform√°tica y no s√© que habladas. Incompetentes e irresponsables","2023-06-04","fraude","0"
"Nacional","Twitter","Excelente. Tuve la tarjeta verde, me gustar√≠a tener √©sta tarjeta Agua.","2023-06-03","tarjeta Agua","1"
"Popular","Facebook","Ustedes promueven promociones en lo negocios comerciales. Deb√≠an exigirle a estos negocios que especifiquen las condiciones. Hoy me present√© a Rosty Pollos para aprovechar la promoci√≥n del 50% sobre los productos pero me dijeron que hasta despu√©s del mediod√≠a, esto es una publicidad enga√±osa que a m√≠ no me parece y creo que a nadie tampoco.","2023-06-04","publicidad enga√±osa","0"
"Popular","Facebook","Excelente!! M√°s promos como esas(Rosty Pollos) todos los mesesüôÇüëå","2023-06-01","promociones","1"
"Popular","Facebook","Si por supuesto, quiero ser inversionista","2023-06-02","inversionista","0"
"Popular","Facebook","Sinpe con fallas","2023-06-01","Sinpe con fallas","0"
"Popular","Facebook","Otra vez me rechazan la tarjeta. Sin fondos disponibles y yo con Plata en la tarjeta y tras de eso me aplicaron el rebajo.","2023-06-01","rechazo de tarjeta","0"
"Popular","Facebook","siempre los mismo caida la bendita app, uno con transacciones que realizar y no se puede.","2023-06-01","fallas en app","0"
"Popular","Facebook","App pegada... como siempre","2023-06-01","fallas en app","0"
"Popular","Facebook","Va de nuevo ü§®ü§¶üèº‚Äç‚ôÄÔ∏èno puedo ingresar al App para realizar sinpe m√≥vil","2023-06-01","fallas en app","0"
"Popular","Facebook","Porque ustedes bloquean los usuarios ?","2023-06-01","bloqueo de usuarios","0"
"Popular","Facebook","Terrible andar buscando n√∫meros, deben de mejorar eso y lo de compartir el comprobante, no es tan funcional andar buscando el comprobante en el correo, en eso ganan otros bancos.","2023-05-30","comprobante","0"
"Popular","Facebook","Yo tengo tiempo de tratar de activar mi clave para el. Simpe y no me deja el sistema el sistema no me indica nada somo error","2023-05-30","clave para Sinpe","0"
"Popular","Twitter","Este es el banco que deber√≠an vender‚Ä¶ lo peor de toda la banca, nacional y privadaü§¶üèª‚Äç‚ôÇÔ∏è","2023-06-04","banco a vender","0"
"Popular","Twitter","No est√° funcionando la interfaz de cambio de clave en la plataforma. Pueden revisar. Justo en el √∫ltimo paso, cuando ya se ingresa la nueva contrase√±a","2023-06-04","cambio de clave","0"
"Popular","Twitter","El bot del @BancoPopularCR es lo peor que podr√≠a pasarme en la vida.","2023-05-31","bot del banco","0"
"Popular","Twitter","El @BancoPopularCR c√≥mo siempre teniendo gente inoperante atendiendo el call center","2023-05-29","call center","0"
"Popular","Twitter","¬øLa app de @BancoPopularCR permite eliminar favoritos de Sinpemovil? Tengo como 3 indeseables que quiero borrar.","2023-05-27","eliminaci√≥n de favoritos","0"
"Popular","Twitter","@BancoPopularCR ¬øhay algun problema de acceso al sitio web? desde temprano intento acceder y tengo problemas!!!!","2023-05-23","problemas con sitio web","0"
"Popular","Twitter","La oficina del @BancoPopularCR en la reforma quiere mis datos... fuerte exel.","2023-05-11","solicitud de datos","0"
"Popular","Twitter","Nos roban desde el #CallCenterLaReforma y nos roban en el mismo @banconacionalcr ...","2023-05-09","robo","0"
"Popular","Twitter","Lo peor es el @BancoPopularCR que s√≠ permite abrir una cuenta de ahorros en d√≥lares pero no le pueden dar una tarjeta a uno en d√≥lares, entonces toca andar el app y moviendo plata de la de $ a ¬¢ para poder usarla... Lindas comisiones se ganan cada vez....","2023-05-10","cuenta en d√≥lares","0"
"Popular","Twitter","Lo bueno tambi√©n hay que destacarlo. Hace unos d√≠as tuve un inconveniente con el @BancoPopularCR y cuando expuse mi inconformidad la atendieron a la brevedad y la resolvieron de forma r√°pida y eficiente.","2023-05-08","atenci√≥n al cliente","1"
