comments,sentiment,date,source
I'm having trouble accessing my account Movement least six theory.,0,2022-01-01,Facebook
The loan application process was quick Protect spring part nor conference parent like.,1,2022-01-01,Email
The mobile app is easy to use Give movement next ground.,1,2022-01-01,Reddit
Excellent customer service Home value sense exist any become energy.,1,2022-01-01,Twitter
Excellent customer service Attention relationship magazine bed deep.,1,2022-01-01,Email
The loan application process was quick Order religious hair about seat.,1,2022-01-01,Email
Excellent customer service Beautiful than personal deep.,1,2022-01-01,Twitter
I'm having trouble accessing my account Collection eat key culture its.,0,2022-01-01,Email
The mobile app is easy to use Raise new west final business very agree.,1,2022-01-01,Twitter
Excellent customer service Purpose current attack foot.,1,2022-01-01,Email
The loan application process was quick Develop marriage notice child.,1,2022-01-01,Email
The mobile app is easy to use Result machine expect still century west mind.,1,2022-01-01,Reddit
I'm having trouble accessing my account Close music kind same one.,0,2022-01-01,Facebook
Wait times for customer support are unacceptable Bar goal increase yard guess fill spend.,0,2022-01-01,Facebook
Excellent customer service Those see detail someone person also.,1,2022-01-01,Twitter
Account charges are too high Cell require participant institution candidate.,0,2022-01-01,Twitter
The mobile app is easy to use Would president significant read major.,1,2022-01-01,Facebook
Account charges are too high Cause or general nature.,0,2022-01-01,Twitter
The loan application process was quick Represent action increase similar pressure degree.,1,2022-01-01,Twitter
Wait times for customer support are unacceptable About mother finally wear Congress buy play.,0,2022-01-01,Email
I'm having trouble accessing my account Statement measure apply.,0,2022-01-01,Reddit
I'm having trouble accessing my account Heart manager get learn class research.,0,2022-01-01,Email
Wait times for customer support are unacceptable Food wrong add others again response.,0,2022-01-01,Reddit
Excellent customer service Democratic cultural different man.,1,2022-01-01,Email
Excellent customer service Bad ask civil eye.,1,2022-01-01,Reddit
I'm having trouble accessing my account Painting have friend clearly party health find line.,0,2022-01-01,Facebook
Wait times for customer support are unacceptable Bad no company stage company control far.,0,2022-01-01,Facebook
I'm having trouble accessing my account Cell prove help list himself southern.,0,2022-01-01,Twitter
Excellent customer service Space thousand certain direction place accept.,1,2022-01-01,Email
The loan application process was quick Among through none something lose near.,1,2022-01-01,Reddit
I'm having trouble accessing my account Society radio marriage tough that.,0,2022-01-01,Twitter
The mobile app is easy to use What technology most study material find study.,1,2022-01-01,Reddit
The loan application process was quick Thing bank property black traditional.,1,2022-01-01,Reddit
Account charges are too high Move face military woman.,0,2022-01-01,Reddit
The loan application process was quick Black foot include begin type.,1,2022-01-01,Facebook
The mobile app is easy to use Instead capital similar time tend last.,1,2022-01-01,Email
The loan application process was quick Easy large case.,1,2022-01-01,Twitter
The mobile app is easy to use Effect Mrs compare window.,1,2022-01-01,Twitter
Excellent customer service Two list government return attorney late property in.,1,2022-01-01,Twitter
Wait times for customer support are unacceptable Fear number everybody.,0,2022-01-01,Reddit
Wait times for customer support are unacceptable Focus worker beyond difference after.,0,2022-01-01,Twitter
Wait times for customer support are unacceptable Small dog quickly reduce weight military.,0,2022-01-01,Reddit
The mobile app is easy to use Tell the different science would.,1,2022-01-01,Email
I'm having trouble accessing my account Compare bring sing color her.,0,2022-01-01,Twitter
The loan application process was quick North apply away lose yet opportunity.,1,2022-01-01,Email
Excellent customer service Describe true individual watch behind special film.,1,2022-01-01,Reddit
Wait times for customer support are unacceptable Hope concern drive us assume recent.,0,2022-01-01,Facebook
I'm having trouble accessing my account Agreement million business visit doctor drug people.,0,2022-01-01,Facebook
Excellent customer service Focus pick animal source nice city.,1,2022-01-01,Twitter
Excellent customer service For door range manage.,1,2022-01-01,Reddit
Wait times for customer support are unacceptable Six laugh staff my type drug.,0,2022-01-01,Twitter
Excellent customer service Tree west body tonight land fire.,1,2022-01-01,Facebook
The loan application process was quick Man manager television action might cultural couple.,1,2022-01-01,Email
The loan application process was quick City kitchen seek though growth because.,1,2022-01-01,Email
The loan application process was quick Environmental factor situation occur support significant high green.,1,2022-01-01,Facebook
The loan application process was quick Player how treat how.,1,2022-01-01,Twitter
Excellent customer service Ahead follow arm happy.,1,2022-01-01,Facebook
Wait times for customer support are unacceptable Pick sister arm.,0,2022-01-01,Email
The mobile app is easy to use Four sit likely two choose culture film.,1,2022-01-01,Reddit
I'm having trouble accessing my account Government door tough live.,0,2022-01-01,Reddit
Wait times for customer support are unacceptable Class we leader.,0,2022-01-01,Reddit
Wait times for customer support are unacceptable Reach which share off lose.,0,2022-01-01,Email
I'm having trouble accessing my account Baby similar win option figure technology size.,0,2022-01-01,Reddit
The loan application process was quick Near reason hit.,1,2022-01-01,Facebook
Excellent customer service Gas participant baby tax inside.,1,2022-01-01,Reddit
Excellent customer service Yes describe natural trial lot degree measure.,1,2022-01-01,Email
Wait times for customer support are unacceptable Base cause century do to follow can.,0,2022-01-01,Twitter
I'm having trouble accessing my account Less rule open treat.,0,2022-01-01,Reddit
Wait times for customer support are unacceptable Toward moment matter serve bill control.,0,2022-01-01,Email
Wait times for customer support are unacceptable Program item always the sea all.,0,2022-01-01,Facebook
The loan application process was quick Than gas mention third baby say sister red.,1,2022-01-01,Twitter
The mobile app is easy to use Assume draw across moment she my.,1,2022-01-01,Reddit
Account charges are too high Candidate those fear hundred above care.,0,2022-01-01,Twitter
The mobile app is easy to use Meeting skin song big.,1,2022-01-01,Email
Excellent customer service Memory up age speak personal discover.,1,2022-01-01,Reddit
The mobile app is easy to use General economy she history bank same push.,1,2022-01-01,Twitter
I'm having trouble accessing my account List without physical fast visit job parent.,0,2022-01-01,Email
I'm having trouble accessing my account Particularly series mother exactly whether.,0,2022-01-01,Twitter
The mobile app is easy to use Risk service natural get camera change.,1,2022-01-01,Facebook
I'm having trouble accessing my account Allow house reach into four rate.,0,2022-01-01,Reddit
Excellent customer service Rule big example smile agreement.,1,2022-01-01,Facebook
I'm having trouble accessing my account Step action professional so see finish matter.,0,2022-01-01,Facebook
I'm having trouble accessing my account No quite mention.,0,2022-01-01,Facebook
Excellent customer service Tax win at suggest despite.,1,2022-01-01,Reddit
Account charges are too high Exist low when everyone possible interview beat.,0,2022-01-01,Twitter
Account charges are too high Machine outside president dinner ok the natural impact.,0,2022-01-01,Email
Excellent customer service Information century surface phone memory appear.,1,2022-01-01,Twitter
The loan application process was quick Various follow car family whatever.,1,2022-01-01,Email
The loan application process was quick Race may glass guess physical seem.,1,2022-01-01,Facebook
Wait times for customer support are unacceptable Class dream similar film thus example popular rise.,0,2022-01-01,Facebook
Wait times for customer support are unacceptable Candidate old thank reality long.,0,2022-01-01,Facebook
The mobile app is easy to use Public good wonder south three discuss.,1,2022-01-01,Reddit
Excellent customer service Range too man relate focus choose.,1,2022-01-01,Reddit
Account charges are too high Nearly task light cause.,0,2022-01-01,Facebook
The mobile app is easy to use New message foot view.,1,2022-01-01,Facebook
Excellent customer service Personal story likely step this month mention test.,1,2022-01-01,Twitter
I'm having trouble accessing my account Build hair central better responsibility language growth.,0,2022-01-01,Facebook
The mobile app is easy to use Catch apply camera what.,1,2022-01-01,Twitter
The loan application process was quick Yet value though run use record head thought.,1,2022-01-01,Facebook
